id|title|researchers|citation|favourites|retweets|likes|shares|one_plus|citeulike_bookmarks|twitter_citation|downloads|page_view|article_mentioned|blog_mentioned|referenced|social_mentions|sm_twitter|sm_facebook|sm_g_plus|sm_linked_in|sm_blogs|sm_wiki|data_source|publication_year|mendeley_readers|social_citation_value
56aee85b7ab794e637000000|Altmetrics: A manifesto|Jason Priem,Dario Taraborelli,Paul Groth,Cameron Neylon|283|25|41|6||||||45||||114|100|4|10|0|0|0|""||206|232.5
56af3ac37ab7947a53000000|Altmetrics: Value all research products|Heather Piwowar|148|16|28|14|1|8|25|||114|||0|349|303|9|22|0|13|2|Impact Story, Altmetrics||293|539.5
56b046b77ab7947a53000001|Do altmetrics work? Twitter and ten other social web services|Mike Thelwall,Stefanie Haustein,Vincent Larivière,Cassidy R. Sugimoto|214|19|17|2|148|0|0||417|||||28|26|2|0|0|0|0|PLOS,|2013|0|38.5
56b04e987ab7947a53000002|The Altmetrics Collection|Jason Priem,Dario Taraborelli,Paul Groth|82|5|26|15|34|0|3||175|11385||||46|34|8|3|0|0|1|PLOS for views of html and pdf and impstory for views and general data, Plos for download|2012|180|149.0
56b05c107ab7947a53000004|How well developed are altmetrics? A cross-disciplinary analysis of the presence of 'alternative metrics' in scientific publications|Zohreh Zahedi,Rodrigo Costas,Paul Wouters|93|0|0|0|0|0||||||||27|25|0|2|0|0|0|""||175|114.5
56b05e807ab7947a53000005|Introduction altmetrics: What, why and where?|Jason Priem,Heather Piwowar|43|0|0|0|0|0|0||0|0||||2|1|0|0|0|1|0|Altmetrics|2013|98|51.0
56b0551f7ab7947a53000003|Altmetrics in the wild: Using social media to explore scholarly impact|Jason Priem,Heather Piwowar|159|3|2|1|0|22|0||0|146|||0|153|115|2|23|0|13|0|(interesting) Impact Story|2012|301|316.5
56b061297ab7947a53000006|Do “altmetrics” correlate with citations? Extensive comparison of altmetric indicators with citations from a multidisciplinary perspective|Zohreh Zahedi,Rodrigo Costas,Paul Wouters|85|0|0|0|0|0|0||0|0|||0|39|37|1|0|0|1|0|Altmetrics|2013|170|124.0
56b0896a7ab7947a53000007|Coverage and adoption of altmetrics sources in the bibliometric community|Jason Priem,Stefanie Haustein,Hadas Shema|75|5|3|0|0|0|0||0|0|||0|5|5|0|0|0|0|0|twitter,|2014|0|7.5
56b08cbe7ab7947a53000008|Mendeley readership altmetrics for the social sciences and humanities: Research evaluation and knowledge flows|Mike Thelwall,Ehsan Mohammadi|70|0|0|0|0|0|0||0|0|||0|5|1|3|0|0|1|0|Altmetrics, twitter, facebook, gplus|2014|120|65.0
56b09a657ab7947a5300000a|How and why scholars cite on Twitter|Jason Priem,Kaitlin Light Costello|133|40|47|0|0|0|4||0|177|||0|87|86|0|1|0|0|0|Altmetrics|2011|202|212.0
56b1a3847ab7947a5300000b|New perspectives on article-level metrics: developing ways to assess research uptake and impact online|Jason Priem,Stefanie Haustein,Hadas Shema|99|0|0|0|0|2|||0|48|||0|23|15|2|6|0|0|0|Altmetrics, twitter, facebook, gplus|2012|54|51.0
56b1a6917ab7947a5300000c|Scientometrics 2.0: New metrics of scholarly impact on the social Web|Jason Priem,Bradley Hemminger|215|3|5|0|0|0|20||0|39||||9|9|0|0|0|0|0|Altmetrics, impact story, twitter|2010|102|81.5
56b1a6c77ab7947a5300000d|Altmetrics in the wild: An exploratory study of impact metrics based on social media|Jason Priem,Heather Piwowar,Bradley Hemminger|28|0|0|0|0|0|0||0|26|||0|0|0|0|0|0|0|0|""|2011|0|0.0
56b1ad1d7ab7947a5300000e|Evaluating altmetrics|Mike Thelwall|56|1|1|0|0|0|0||0|0||||6|6|0|0|0|0|0|""|2013|0|6.5
56b1b11d7ab7947a5300000f|Prevalence and use of Twitter among scholars|Jason Priem||59|75|2|0|8|0||0|187||||1559|1538|8|7|0|6|0|impact story, twitter, facebook, google +||41|1614.0
56b1e3c57ab7947a53000011|Who Shares? Who Doesn't? Factors Associated with Openly Archiving Raw Research Data|Heather Piwowar|92|1|2|0|13|5|20||205|13037||||94|89|0|5|0|0|0|PLOS, Impact Story, Twitter, Facebook|2011|181|207.5
56b2e1657ab794dbe6000000|Neuroethics and fMRI: Mapping a Fledgling Relationship|Heather Piwowar|18|2|4|1|0|0|4||63|6554||||8|6|1|0|0|1|0|PLOS, Impact Story, Twitter, Facebook|2011|56|41.5
56b2e6007ab794dbe6000001|Sharing Detailed Research Data Is Associated with Increased Citation Rate|Heather Piwowar|382|11|18|7|119|0|0||552|46738||||298|274|6|1||17|0|impact story, twitter, facebook, google +|2007|480|547.0
56b2e7257ab794dbe6000002|Towards a Data Sharing Culture: Recommendations for Leadership from Academic Health Centers|Heather Piwowar|84|0|0|0|0|0|25||166|13185||||1|1|0|0|0|0|0|PLOS, Impact Story, Twitter, Facebook|2008|158|105.0
56b2e7f77ab794dbe6000003|Biology Needs a Modern Assessment System for Professional Productivity|Heather Piwowar|21|1|0|9|0|9|2||0|17||||15|5|5|5|0|0|0|twitter,facebook, gplus, impact story|2011|84|68.5
56b2ea077ab794dbe6000004|Data archiving is a good investment|Heather Piwowar|40|6|13|1|0|0|12||0|21|||0|31|30|1|0|0|0|0|impact story, twitter, facebook, google +|2011|174|133.5
56b2eb347ab794dbe6000005|Formation of intracellular glutamine synthetase bodies depends strongly upon cellular age and glucose availability|Heather Piwowar|0|0|2|0|0|0|0||0|31||||194|181|0|4|0|9|0|impact story, twitter, facebook, google +|2014|218|303.0
56b2ec2e7ab794dbe6000006|Identifying data sharing in biomedical literature.|Heather Piwowar|19|0|0|0|0|0|0||0|0||||1|1|0|0|0|0|0|impact story, twitter, facebook, google +|2008|63|32.5
56b2ed797ab794dbe6000007|Envisioning a data reuse registry|Heather Piwowar|0|0|0|0|0|0|0||0|11||||0|0|0|0|0|0|0|impact story, twitter, facebook, google +|2008|36|18.0
56b2f1ef7ab794dbe6000008|Public sharing of research datasets: A pilot study of associations|Heather Piwowar|49|3|3|0|0|0|5||0|14|||0|13|13|0|0|0|0||impact story, twitter, facebook, google +|2010|111|75.0
56b2f29e7ab794dbe6000009|Recall and bias of retrieving gene expression microarray datasets through PubMed identifiers|Heather Piwowar|16|1|1|0|0|0|0||0|13||||2|2|0|0|0|0|0|""|2010|41|23.0
56b2f3437ab794dbe600000a|Beginning to track 1000 datasets from public repositories into the published literature|Heather Piwowar|8|0|0|0|0|0|2||0|19||||0|0|0|0|0|0|0|impact story, twitter, facebook, google +|2011|33|18.5
56b2f4a97ab794dbe600000b|Data citation in the wild|Heather Piwowar|5|4|3|0|0|0|1||0|17||||11|8|1|0|0|2|0|impact story, twitter, facebook, google +|2010|21|24.5
56b2f5c47ab794dbe600000c|Evaluating data citation and sharing policies in the environmental sciences|Heather Piwowar|6|0|0|0|0|0|2||0|10|||0|0|0|0|0|0|0|0|Impact Story|2010|31|17.5
56b2fb537ab794dbe600000d|Open PHACTS: semantic interoperability for drug discovery|Paul Groth|138|5|16|0|0|0|8||0|36|||0|90|79|0|3|0|1|7|impact story, twitter, facebook, google +|2012|143|172.0
56b2fdba7ab794dbe600000e|The anatomy of a nanopublication|Paul Groth||8|8|0|0|0|8||0|64||||16|15|0|0|0|0|1|impact story, twitter, facebook, google +||141|98.5
56b2ff717ab794dbe600000f|Applying linked data approaches to pharmacology: Architectural decisions and implementation|Paul Groth|24|3|5|0|0|0|6||0|20|||0|9|6|0|1|0|1|1|impact story, twitter, facebook, google +|2014|48|40.5
56b300567ab794dbe6000010|Requirements for Provenance on the Web|Paul Groth|41|1|6|0|0|2|2||0|32||||11|8|0|3|0|0|0|impact story, twitter, facebook, google +|2012|44|36.5
56b301b07ab794dbe6000011|A model of process documentation to determine provenance in mash-ups|Paul Groth|41|0|0|0|0|0|0||685|19|||0|1|1|0|0|0|0|0|acm, impact story, twitter|2009|59|30.5
56b302ca7ab794dbe6000012|Assessing Linked Data Mappings Using Network Measures|Paul Groth|51|3|2|0||0|0||1000|19||||7|5|0|2|0|0|0|impact story, twitter, facebook, google +,http://www.bookmetrix.com/|2012|62|39.5
56b305717ab794dbe6000013|Metadata and provenance management|Paul Groth|2|1|1|0|0|0|0||0|15||||5|3|1|1|0|0|0|impact story, twitter, facebook, google +|2010|53|32.0
56b309927ab794dbe6000014|Triplecloud: An infrastructure for exploratory querying over web-scale rdf data|""|9|0|0|0|0|0|1||0|15||||0|0|0|0|0|0|0|impact story, twitter, facebook, google +|2011|24|13.0
56b322837ab794dbe6000016|Towards Reconstructing the Provenance of Clinical Guidelines|Paul Groth|4|1|0|0|0|3|0||0|10|||0|5|2|1|2|0|0||impact story, twitter, facebook, google +|2012|0|7.0
56b30a467ab794dbe6000015|Calculating the trust of event descriptions using provenance|Paul Groth|13|0|0|0|0|0|0||0|12||||2|1|0|1|0|0|0|impact story, twitter, facebook, google +|2010|22|13.0
56b3241b7ab794dbe6000017|Using Provenance in the Semantic Web|Paul Groth|10|11|20|1|0|0|0||0|11|||0|33|31|1|1|0|0|0|impact story, twitter, facebook, google +|2011|0|39.0
56b325ad7ab794dbe6000018|Trusting Web data: a maritime case study|Paul Groth|0|0|0|0|0|0|0|||12||||1|1|0|0|0|0|0|impact story, twitter, facebook, google +|2010|0|1.0
56b32a187ab794dbe6000019|Article-Level Metrics and the Evolution of Scientific Impact|Cameron Neylon|149|10|11|0|0|0|78||458|33047||||38|23|1|0|0|12|2|PLOS, Impact Story, Twitter, Facebook|2009|418|330.0
56b32b8d7ab794dbe600001a|Expert Failure: Re-evaluating Research Assessment|Cameron Neylon|11|23|46|18|131|2|8||0|13553|||0|258|238|4|13|0|3|0|PLOS, Impact Story, Twitter, Facebook, G+|2013|38|306.5
56b32cc87ab794dbe600001b|Architecting the Future of Research Communication: Building the Models and Analytics for an Open Access Future|Cameron Neylon|4|1|2|0|48|0|0||36|5465|||0|82|79|1|1|0|0|1|PL|2013|32|98.5
56b32d9e7ab794dbe600001c|More Than Just Access: Delivering on a Network-Enabled Literature|Cameron Neylon|9|4|7|0|95|2|10||35|8822||||105|100|0|4|0|0|1|PLOS, Impact Story, Twitter, Facebook|2012|33|134.5
56b333887ab794dbe600001d|Science publishing: Open access must enable open use|Cameron Neylon|20|12|24|36|20|6|8||0|7||||379|351|21|6|0|0|1|impact story, twitter, facebook, google +|2012|59|443.5
56b33c947ab794dbe600001e|Changing computational research. The challenges ahead|Cameron Neylon|11|7|4|0|0|1|8||0|8|||0|24|20|1|2|0|0|1|impact story, twitter, facebook, google +|2012|60|66.0
56b49b0631d12e0003000000|LabTrove: A Lightweight, Web Based, Laboratory “Blog” as a Route towards a Marked Up Record of Work in a Bioscience Research Laboratory|Cameron Neylon|16|0|0|0|0|0|1||24|6922|||0|1|1|0|0|0|0|0|PLOS, Impact Story, Twitter, Facebook|2013|21|12.5
56b4a8fa31d12e0003000001|The lipidome and proteome of oil bodies from Helianthus annuus (common sunflower)|Cameron Neylon|12|0|0|0|0|0|0||0|3||||6|3|0|0|0|1|2|impact story, twitter, facebook, google +|2013|13|12.5
56b4a9c831d12e0003000002|Three stories about the conduct of science: Past, future, and present|Cameron Neylon||0|0|0|0|2|1||0|4||||11|5|0|6|0|0|0|impact story, twitter, facebook, google +||14|20.0
56b4af1831d12e0003000003|A vision for Open Archaeology|Cameron Neylon|9|0|1|0|0|0|0||0|0|||0|3|3|0|0|0|0|0|""|2012|27|16.5
56b4b0b331d12e0003000004|Principles for Open Scholarly Infrastructures-v1|Cameron Neylon|0|1|2|0|0|1|2||0|2|||0|19|17|1|1|0|0|0|impact story, twitter, facebook, google +|2015|10|27.0
56b4b3b331d12e0003000005|What exactly is infrastructure? Seeing the leopard's spots|Cameron Neylon|0|0|0|0|0|0|0||0|1|||0|2|1|0|1|0|0|0|impact story, twitter, facebook, google +|2015|0|2.0
56b4d5497c3f020003000000|What is Librarian 2.0 - New competencies or interactive relations? A library professional viewpoint|Kim Holmberg|17|0|1|0|0|0|0||0|24|||0|6|6|0|0|0|0|0|impact story, twitter, facebook, google +|2013|40|26.0
56b4ddb77c3f020003000001|Co-inlinking to a municipal Web space: a webometric and content analysis|Kim Holmberg|22|0|0|0|0|0|1||0|12|||0|1|1|0|0|0|0|0|impact story, twitter, facebook, google +|2010|31|17.5
56b4df4b7c3f020003000002|Shaking it up: Embracing new methods for publishing, finding, discussing, and measuring our research output|Kim Holmberg|1|0|0|0|0|0|0||0|3|||0|1|1|0|0|0|0|0| Impact Story, Twitter, Facebook|2011|10|6.0
56b4e4ac7c3f020003000003|Integrating information literacy in health sciences curricula: a case study from Québec|Natalie Clairoux|7|1|0|1|0|0|1||0|5||||20|19|1|0|0|0|0|impact story, twitter, facebook, google +|2013|12|28.0
56b4e6337c3f020003000004|Evaluation of treatment outcomes in a 3 years post-graduate orthodontic program using the peer assessment rating (par)|Natalie Clairoux|0|0|0|0|0|0|2||0|8||||11|8|2|0|0|1|0|impact story, twitter, facebook, google +|2014|3|14.5
56b4e7367c3f020003000005|Proceedings, 112th Annual Meeting Medical Library Association, Inc., Seattle, WA|Natalie Clairoux|0|0|0|0|0|0|1||0|6|||0|1|1|0|0|0|0|0|impact story, twitter, facebook, google +|2013|0|2.0
56b4e9387c3f020003000006|En Français S'il Vous Plaît: Translation and Adaptation of the New England Collaborative Data Management Curriculum's Introductory Module|Natalie Clairoux|0|0|0|0|0|0|0||0|0|||0|2|2|0|0|0|0|0|impact story, twitter, facebook, google +|2015|1|2.5
56b59e2b19a8210003000000|Prévention et gestion des maladies : la m-santé est-elle efficace?|Natalie Clairoux|0|0|0|0|0|0|0||0|5|||0|1|1|0|0|0|0|0|""|2014|0|1.0
56b5ac332114630003000000|Servicios de referencia en bibliotecas universitarias: tendencias y plan de marketing|Nieves González Fernández-Villavicencio|10|0|1|0|0|0|0||0|26|||0|2|2|0|0|0|0|0|impact story, twitter, facebook, google +|2012|59|31.5
56b5acb22114630003000001|ALFIN 2.0: Herramientas 2.0 en programas ALFIN en bibliotecas de la Universidad de Sevilla|Nieves González Fernández-Villavicencio|10|1|0|0|0|0|0||0|9||||1|1|0|0|0|0|0|impact story, twitter, facebook, google +|2008|35|19.0
56b5b7441a17580003000000|Evaluation of an academic library’s reference service: the Library of the University of Seville|Nieves González Fernández-Villavicencio|0|0|0|0|0|0|0||0|14|||0|0|0|0|0|0|0|0|Impact Story|2014|37|18.5
56b5b8221a17580003000001|Helping students become literate in a digital, networking-based society: A literature review and discussion|Nieves González Fernández-Villavicencio|27|4|0|0|0|0|2||0|126||||1|1|0|0|0|0|0|tandfonline, impact story, twitter|2010|117|63.5
56b5b95c1a17580003000002|Revisión y propuesta de indicadores (KPI) de la Biblioteca en los medios sociales|Nieves González Fernández-Villavicencio|7|0|3|0|0|0|0||0|9||||5|4|0|1|0|0|0|impact story, twitter, facebook, google +|2013|33|21.5
56b5bad71a17580003000003|Demostrar el valor de las bibliotecas en la web social|Nieves González Fernández-Villavicencio|4|2|1|0|0|0|0||0|12|||0|8|3|1|4|0|0|0|impact story, twitter, facebook, google +|2013|2|10.0
56b5bd861a17580003000004|Pinterest y las bibliotecas|Nieves González Fernández-Villavicencio|3|7|8|0|0|2|0||0|9|||0|25|21|0|4|0|0|0|impact story, twitter, facebook, google +|2013|1|30.0
56b5be861a17580003000005|Qué entendemos por usuario como centro del servicio. Estrategia y táctica en marketing|Nieves González Fernández-Villavicencio|1|1|1|0|0|0|0||0|8||||2|2|0|0|0|0|0|impact story, twitter, facebook, google +|2015|39|22.0
56b5bf3c1a17580003000006|ROI en medios sociales: campañas de marketing en bibliotecas|Nieves González Fernández-Villavicencio|0|0|0|0|0|0|0||0|9|||0|3|3|0|0|0|0|0|impact story, twitter, facebook, google +|2015|27|16.5
56b5c0d01a17580003000007|¿Qué papel juegan los bibliotecarios en las altmetrics?|Nieves González Fernández-Villavicencio|2|10|13|15|1|0|0||0|9|||0|23|18|5|0|0|0|0|impact story, twitter, facebook, google +|2015|94|82.5
56b5c47f1a17580003000008|Métricas de la web social|Nieves González Fernández-Villavicencio|4|25|26|0|0|11|0||0|13|||0|68|57|0|11|0|0|0|impact story, twitter, facebook, google +|2013|0|86.0
56b5d079ed01320003000000|Plan Alba de Contenidos Digitales Locales. Propuesta de creación y desarrollo|Nieves González Fernández-Villavicencio|2|0|0|0|0|1|0||0|19||||3|2|0|1|0|0|0|""|2011|0|3.5
56b5d157ed01320003000001|Plan ALBA de formación en competencias digitales de las bibliotecas públicas andaluzas|Nieves González Fernández-Villavicencio|0|0|0|0|0|0|0||0|6|||0|1|1|0|0|0|0|0|impact story, twitter, facebook, google +|2010|0|1.0
56b5ede12af5460003000000|Brazil’s exception to the world-class university movement|Juan Pablo Alperin|2|1|0|0|0|0|0||0|21||||5|5|0|0|0|0|0|impact story, twitter, facebook, google +|2013|15|13.0
56b5ef332af5460003000001|South America: Citation databases omit local journals|Juan Pablo Alperin|5|0|3|0|0|0|1||0|71|||0|23|22|1|0|0|0|0|impact story, twitter, facebook, google +|2014|3|25.5
56b5f1852af5460003000002|Ask not what altmetrics can do for you, but what altmetrics can do for developing countries|Juan Pablo Alperin|23|0|4|0|5|1|3||0|39|||0|11|6|2|2|0|1|0|impact story, twitter, facebook, google +|2013|65|47.0
56b5f2e82af5460003000003|The academic ethics of open access to research and scholarship|Juan Pablo Alperin|3|3|9|0|0|0|3||0|127||||11|11|0|0|0|0|0|impact story, twitter, facebook, google +|2011|19|25.0
56b5f7b42af5460003000004|Geographic variation in social media metrics: an analysis of Latin American journal articles|Juan Pablo Alperin|1|3|5|0|0|0|1||0|7||||7|6|1|0|0|0|0|impact story, twitter, facebook, google +|2015|12|15.5
56b5f93b2af5460003000005|Visibility and Quality in Spanish-Language Latin American Scholarly Publishing|Juan Pablo Alperin|23|0|0|0|0|0|0|||15||||0|0|0|0|0|0|0|impact story, twitter, facebook, google +|2010|9|4.5
56b602902af5460003000006|Are ALMs/altmetrics propagating global inequality?|Juan Pablo Alperin|0|16|25|0|0|0|0||0|13|||0|32|30|1|1|0|0|0|impact story, twitter, facebook, google +|2013|0|40.0
56b60458a862b80003000000|Exploring altmetrics in an emerging country context|Juan Pablo Alperin|4|13|16|0|0|0|0||0|44|||0|21|21|0|0|0|0|0|impact story, twitter, facebook, google +|2014|0|27.5
56b6e4816fe6db0003000000|SEAD Virtual Archive: Building a Federation of Institutional Repositories for Long-Term Data Preservation in Sustainability Science|Stacy Konkiel|12|0|0|0|0|0|0||0|48||||7|7|0|0|0|0|0|impact story, twitter, facebook, google +|2013|28|21.0
56b6e59a6fe6db0003000001|Tracking citations and altmetrics for research data: Challenges and opportunities|Stacy Konkiel|9|9|9|3|1|0|0||0|51||||17|12|4|1|0|0|0|impact story, twitter, facebook, google +|2013|118|82.0
56b6e6566fe6db0003000002|The Imperative for Open Altmetrics|Jason Priem,Stacy Konkiel|6|19|28|2||0|0||0|72||||46|40|1|2|0|3|0|impact story, twitter, facebook, google +|2014|48|80.5
56b6e79f6fe6db0003000003|New opportunities for repositories in the age of altmetrics|Stacy Konkiel|37|5|7|0|0|0|7||0|38|||0|11|10|0|1|0|0|0|impact story, twitter, facebook, google +|2013|104|72.5
56b6e8836fe6db0003000004|Altmetrics: A 21st-Century Solution to Determining Research Quality|Stacy Konkiel|13|0|0|0|0|0|0||0|44|||0|6|4|1|1|0|0|0|impact story, twitter, facebook, google +|2013|0|6.0
56b6efea6fe6db0003000005|Altmetrics: alternative ways of measuring scholarly impact based on the social web|Keita BANDO|12|3|3|1|1|1|0||0|42||||12|8|2|2|0|0|0|impact story, twitter, facebook, google +|2012|96|62.5
56b6f0d86fe6db0003000006|ORCIDアウトリーチ・ミーティング in シカゴ|Keita BANDO|1|6|0|0|0|0|0|||11|||0|6|6|0|0|0|0|0|impact story, twitter, facebook, google +|2014|4|11.0
56b70bdc01b0580003000000|Mendeley to ORCID; Short paper for ORCID Outreach Meeting, May 2014|Keita BANDO|0|1|1|0|0|0|0||0|2|||0|2|2|0|0|0|0|0|2|2014|24|14.5
56b70c9801b0580003000001|Hide-and-seek in Macquarie University Library: geocaching as an educational and outreach tool|Andrew Spencer|0|1|1|0|0|0|0||0|46||||13|12|1|0|0|0|0|impact story, twitter, facebook, google +|2015|8|17.5
56b70d6701b0580003000002|Our Space: professional development for new graduates and professionals in Australia|Andrew Spencer|5|0|0|0|0|0|0||0|5||||1|1|0|0|0|0|0|impact story, twitter, facebook, google +|2009|5|3.5
56b70ef501b0580003000003|Tecnologias de dados abertos para interligar bibliotecas, arquivos e museus: um caso machadiano / Using open data technology to connect libraries, archives and museums: a Machadian case|Iara Vidal Pereira de Souza|1|0|0|0|0|0|0||0|14|||0|4|4|0|0|0|0|0|Impact Story|2013|11|9.5
56b732025179820003000000|Sentiment in Twitter events|Mike Thelwall|381|3|2|0|0|0||||||||11|10|1|0|0|0|0|""|2011||12.5
56b738be5179820003000002|Sentiment strength detection for the social web|Mike Thelwall|251|0|0|0|0|0|0||0|0|||0|1|1|0|0|0|0|0|twitter,facebook, gplus, impact story|2012|0|1.0
56b76d9b3176890003000000|Data mining emotion in social network communication: Gender differences in MySpace|Mike Thelwall|198|0|0|0|0|0|0||0|0|||0|1|1|0|0|0|0|0|twitter,facebook, gplus, impact story|2010|72|37.0
56b76fb03176890003000001|Validating online reference managers for scholarly impact measurement|Mike Thelwall|154|4|3|0|0|0|20||0|0|||0|29|24|1|0|0|4|0|Altmetrics, impact story, twitter|2011|290|196.0
56b774ed3176890003000002|Tweeting biomedicine: An analysis of tweets and citations in the biomedical literature|Mike Thelwall|132|13|14|7|1|0|5||0|0|||0|214|202|6|0|0|6|0|Altmetrics, twitter, facebook, gplus|2011|149|303.5
56b79e8c13b7dd0003000000|Do blog citations correlate with a higher number of future citations? Research blogs as a potential source for alternative metrics|Mike Thelwall|63|0|0|0|0|2|4||0|0|||0|75|63|3|2|0|7|0|Altmetrics, twitter, facebook, gplus|2014|92|126.0
56b79f4c13b7dd0003000001|Assessing the citation impact of books: The role of Google Books, Google Scholar, and Scopus|Mike Thelwall|63|0|0|0|0|0|0||0|0|||0|1|1|0|0|0|0|0|0|2011|0|1.0
56b8266af4ab0e0003000000|Disciplinary differences in Twitter scholarly communication|Mike Thelwall|49|20|19|13|0|0|3||0|0|||0|65|62|3|0|0|0|0|Altmetrics, twitter, facebook, gplus|2014|115|142.0
56b82725f4ab0e0003000001|Academia. edu: social network or academic network?|Mike Thelwall|49|0|0|0|0|0|3||0|0|||0|21|18|0|1|0|0|2|Altmetrics, twitter, facebook, gplus|2014|90|69.0
56b82792f4ab0e0003000002|The role of online videos in research communication: A content analysis of YouTube videos cited in academic publications|Mike Thelwall|44|0|0|0|0|0|4||0|0|||0|13|13|0|0|0|0|0|Altmetrics, twitter, facebook, gplus|2012|50|42.0
56b828a5f4ab0e0003000003|Who reads research articles? An altmetrics analysis of Mendeley user categories|Mike Thelwall|40|4|3|0|0|0|0||0|0|||0|6|5|0|0|0|1|0|twitter,facebook, gplus, impact story|2015|86|51.0
56b82b4af4ab0e0003000004|ResearchGate: Disseminating, communicating, and measuring Scholarship?|Mike Thelwall|39|0|0|0|0|0|1|||0|||0|8|4|0|0|0|2|2|Altmetrics, twitter, facebook, gplus|2015|74|46.0
56bc41343bec910003000000|Noni is Nervous by H. Hartt-Sussman (2nd review)|Lori Walter|0|0|0|0|0|0|0||0|0|||0|0|0|0|0|0|0|0|Google Scholar, Research Gate, Deakin Review|2014|0|0.0
56bc4a480bfd930003000000|From Bibliometrics to Altmetrics: A Changing Scholarly Landscape|Robin Chin Roemer,Rachel Borchardt|48|7|10|5|1|0|0||0|0|||0|14|12|2|0|0|0|0|Google Scholar, Research Gate, CRLN|2012|0|20.0
56bc6a36699dd30003000000|Institutional Altmetrics and Academic Libraries|Robin Chin Roemer,Rachel Borchardt|24|5|3|6|0|0|||0|0|||0|7|6|1|0|0|0|0|Google Scholar, Research Gate, NISO, Mendeley|2013|113|69.0
56bc6e85699dd30003000001|The Immigrant Muslim American at the Boundary of Insider and Outsider Representations of Faisal Shahzad as “Homegrown” Terrorist|Robin Chin Roemer|9|0|0|0|0|0||||||||0|0|0|0|0|0|0|Google Scholar, SAGE Journals|2013|0|0.0
56bc7246699dd30003000002|Exploring E-Learning Development: Studies of ICT Access & Educational Usage in Latin America|Robin Chin Roemer|5|0|0|0|0|0||||||||0|0|0|0|0|0|0|Google Scholar, Mendeley, SAGE Journals|2011|26|13.0
56c2e89960cc8f0003000000|Shifting signifiers of otherness: The 2002 “DC Snipers” in the US press|Robin Chin Roemer|1|0|0|0|0|0|||0|0|||0|0|0|0|0|0|0|0|Google Scholar, Mendeley, Wiley Online Library|2014|3|1.5
56c2eaed60cc8f0003000001|Beyond the positive–negative paradigm of Latino/Latina news-media representations: DREAM Act exemplars, stereotypical selection, and American Otherness|Robin Chin Roemer|1|0|0|0|0|0|||0||||0|0|0|0|0|0|0|0|Google Scholar, Mendeley, SAGE Journals|2015|0|0.0
56c2f94660cc8f0003000003|Die 25 besten Blogs von Patientengruppen in 2014 (Who is# 1: The Top 25 Blogs from Patient Advocacy Groups)|Urs E. Gattiker|0|0|0|0|0|0|||0|||||0|0|0|0|0|0|0|Google Scholar, Social Science Research Network |2014|0|0.0
56c308e5c444790003000000|Design dimensions enabling divergent behaviour across physical, digital, and social library interfaces|Lennart Björneborn|21|0|0|0|0|0|||0|0|||0|1|0|1|0|0|0|0|Google Scholar, Mendeley, Springer Link|2010|29|15.5
56c30b37c444790003000001|Micro-serendipity: Meaningful coincidences in everyday life shared on Twitter|Lennart Björneborn|8|2|0|15|0|0||||||||6|1|3|2|0|0|0|Google Scholar, Mendeley, Facebook, Twitter, IDEALS|2013|11|20.0
56c30d08c444790003000002|Behavioural traces and indirect user-to-user mediation in the participatory library|Lennart Björneborn|6|0|0|8|0|0||||||||2|0|1|1|0|0|0|Google Scholar, Mendeley, Facebook|2011|7|9.5
56c42faa21d1930003000000|Genre connectivity and genre drift in a web of genres|Lennart Björneborn|6|0|0|0|0|0||||||||1|1|0|0|0|0|0|Google Scholar, Mendeley, Springer Link|2010|5|3.5
56c434df21d1930003000001|Patent co-citation networks of Fortune 500 companies|Xianwen Wang|30|0|0|0|0|0||||||||0|0|0|0|0|0|0|Google Scholar, Mendeley, AKADEMIAI KIADO|2011|37|18.5
56c435c921d1930003000002|Tracing scientist’s research trends realtimely|Xianwen Wang|25|1|0|0|0|1||||||||2|1|0|1|0|0|0|Google Scholar, Mendeley, Springer Link|2013|81|43.5
56c4381821d1930003000003|International scientific collaboration of China: collaborating countries, institutions and individuals|Xianwen Wang|25|1|2|0|0|0||||||||0||||0||0|Google Scholar, Mendeley, Springer Link|2013|31|16.0
56c438f621d1930003000004|Exploring scientists’ working timetable: Do scientists often work overtime?|Xianwen Wang|25|1|1|0|0|0||||||||0||||0||0|Google Scholar, Mendeley, Twitter, Science Direct|2013|132|66.5
56c439ce21d1930003000005|The role of Chinese–American scientists in China–US scientific collaboration: a study in nanotechnology|Xianwen Wang|16|0|0|0|0|0||||||||0||||0||0|Google Scholar, Mendeley, AKADEMIAI KIADO|2012|16|8.0
56c579e05b5d270003000000|A. Information Literacy at the University. Description and categorization according to the levels of integration of information literacy. Case University of Antioquia|Alejandro Uribe Tirado|66|0|0|0|0|0||||||||0||||0||0|Google Scholar, SCIELO.org|2010|0|0.0
56c57ddd5b5d270003000001|Google Scholar Metrics: an unreliable tool for assessing scientific journals|Álvaro Cabezas-Clavijo|41|5|8|2|0|0||||||||0||||0||0|Google Scholar, Twitter, Facebook, Mendeley, Dialnet|2012|63|35.0
56c592da5dba9d0003000000|F1000, Mendeley and Traditional Bibliometric Indicators|Xuemei Li|60|14|8|0|0|0||||||||14|14|0||0|0|0|Facebook , twitter , Mendeley , google , wiki |2012|144|93.0
56c594c85dba9d0003000001|The role of arXiv, RePEc, SSRN and PMC in formal scholarly communication|Xuemei Li|0|5|3|0|0|1||||||||0||||0||0|Facebook , twitter , Mendeley , google +, wiki |2015|5|5.5
56c5997e5dba9d0003000002|Comparison of citation and usage indicators: the case of oncology journals|Juan Gorraiz|50|3|0|0|0|0||||||||0||||0||0|Facebook , twitter , Mendeley , google +, wiki |2010|55|29.0
56c59b495dba9d0003000003|Bibliometric practices and activities at the University of Vienna|Juan Gorraiz|39|0|0|0|0|0||||||||0||||0||0|Facebook , twitter , Mendeley , google +, wiki |2012|47|23.5
56c59d395dba9d0003000004|Opportunities for and limitations of the Book Citation Index|Juan Gorraiz|32|2|2|0|0|0||||||||0||||0||0|Facebook , twitter , Mendeley , google +, wiki |2013|47|24.5
56c59eaa5dba9d0003000005|Global usage versus global citation metrics: The case of pharmacology journals|Juan Gorraiz|28|0|0|0|0|0||||||||0||||0||0|Facebook , twitter , Mendeley , google +, wiki |2011|32|16.0
56c5a0535dba9d0003000006|The different flavors of research collaboration: a case study of their influence on university excellence in four world regions|Juan Gorraiz|17|0|0|0|0|0||||||||0||||0||0|Facebook , twitter , Mendeley , google +, wiki |2012|0|0.0
56c5a24a5dba9d0003000007|Download vs. citation vs. readership data: The case of an Information Systems journal|Juan Gorraiz|16|1|0|0|0|0||||||||0||||0||0|Facebook , twitter , Mendeley , google +, wiki |2013|49|25.0
56c5a3605dba9d0003000008|Key factors and considerations in the assessment of international collaboration: A case study for Austria and six countries|Juan Gorraiz|16|0|0|0|0|0||||||||0||||0||0|""|2011|11|5.5
56c5a4935dba9d0003000009|Going beyond Citations: SERUM—a new Tool Provided by a Network of Libraries|Juan Gorraiz|16|0|0|0|0|0||||||||0||||0||0|Facebook , twitter , Mendeley , google +, wiki |2010|17|8.5
56c5a5fc5dba9d000300000a|On the impact of Gold Open Access journals|Juan Gorraiz|12|5|4|0|0|0||||||||0||||0||0|Facebook , twitter , Mendeley , google +, wiki |2013|63|34.0
56c5a7c05dba9d000300000b|Usage versus citation behaviours in four subject areas|Juan Gorraiz|8|3|2|0|0|0|0||0|0|||0|5|4|1|0|0|0|0|Facebook , twitter , Mendeley , google +, wiki |2014|27|20.0
56c5a8eb5dba9d000300000c|Galton 2011 revisited: a bibliometric journey in the footprints of a universal genius|Juan Pablo Alperin|7|0|0|0|0|0||||||||0||||0||0|Facebook , twitter , Mendeley , google +, wiki |2011|24|12.0
56c5a9ce5dba9d000300000d|Usage metrics versus altmetrics: confusing terminology?|Juan Gorraiz|6|2|1|0|0|0||||||||0||||0||0|Facebook , twitter , Mendeley , google +, wiki |2015|38|20.0
56c5aaf75dba9d000300000e|Research Data Explored: Citations versus Altmetrics|Juan Gorraiz|6|10|14|0|0|0||||||||28|24|3|1|0||0|Facebook , twitter , Mendeley , google +, wiki |2015|48|57.0
56c5aced5dba9d000300000f|Comparison of downloads, citations and readership data for two information systems journals|Juan Gorraiz|6|0|0|0|0|0|0|||0|||0|2|1|1|0|0|0|0|Facebook , twitter , Mendeley , google +, wiki , altmetric|2014|61|32.5
56c5adad5dba9d0003000010|The power of book reviews: A simple and transparent enhancement approach for book citation indexes|Juan Gorraiz|6|0|0|0|0|0|0|||||||0|0|0|0|0|0|0|""|2014|14|7.0
56c5aec95dba9d0003000011|Difference and similarities in usage versus citation behaviours observed for four subject areas|Juan Gorraiz|6|0|0|0|0|0||||||||0||||0||0|""|2013|27|13.5
56c5affb5dba9d0003000012|Most borrowed is most cited? Library loan statistics as a proxy for monograph selection in citation indexes|Juan Gorraiz|5|0|0|0|0|1||||||||0||||0||0|Facebook , twitter , Mendeley , google , wiki |2013|0|0.5
56c5b1105dba9d0003000013|On the temporal stability of Garfield’s impact factor and its suitability to identify hot papers|Juan Gorraiz|5|0|0|0|0|0||||||||0||||0||0|Facebook , twitter , Mendeley , google +, wiki |2012|2|1.0
56c5b5225dba9d0003000014|Social capital in second life|Kim Holmberg|47|0|0|0|0|0||||||||0||||0||0|""|2010|47|23.5
56c5ba475dba9d0003000016|Climate Change on Twitter: Topics, Communities and Conversations about the 2013 IPCC Working Group 1 Report|Kim Holmberg|23|0|0|8|0|1|2|||||||67|62|2|1|0|2|0|Facebook , twitter , Mendeley , google +, wiki |2014|53|100.0
56c6d72957623c0003000000|What is Librarian 2.0–New competencies or interactive relations? A library professional viewpoint|Kim Holmberg|18|0|1|0|0|0||||55||||2|2|0|0|0|0|0|Facebook , twitter , Mendeley , google +, wiki |2013|44|24.0
56c7526a3c30cd0003000000|Tweets as impact indicators: Examining the implications of automated “bot” accounts on Twitter|Kim Holmberg|15|6|3|21|3|3||||||||14|4|7|3|0||0|Facebook , twitter , Mendeley , google +, wiki |2016|33|45.5
56c7538e3c30cd0003000001|Astrophysicists on Twitter: An in-depth analysis of tweeting and scientific publication behavior|Kim Holmberg|14|3|8|2|0|1|0|||||||14|11|1|2|0|0|0|Facebook , twitter , Mendeley , google +, wiki , altmetric|2014|25|29.5
56c75d423c30cd0003000003|The conceptual landscape of iSchools: Examining current research interests of faculty members|Kim Holmberg|2|0|0|||0||||||||1|1||0|0||0|Facebook , twitter , Mendeley , google +, wiki |2013|5|3.5
56c75f753c30cd0003000004|Automated arXiv feeds on Twitter: On the role of bots in scholarly communication|Kim Holmberg|1|0|0|||0||||||||1|1||0|0||0|Facebook , twitter , Mendeley , google +, wiki |2014|0|1.0
56c761153c30cd0003000005|The Meaning of Altmetrics|Kim Holmberg|1|12|21|0|0|0||||||||26|26|0|0|0||0|Facebook , twitter , Mendeley , google +, wiki |2014|16|40.0
56c7631c3c30cd0003000006|Shaking it up: embracing new methods for publishing, finding, discussing, and measuring our research output|Kim Holmberg|1|0|0|0|0|0||||||||1|1|0|0|0||0|Facebook , twitter , Mendeley , google +, wiki |2011|9|5.5
56c766613c30cd0003000007|Organizational Communication on Twitter: Differences Between Non-Profit and For-Profit Organizations in the Context of Climate Change|Kim Holmberg|0|0|0|0|0|0||||||||0|0|0|0|0||0|Facebook , twitter , Mendeley , google +, wiki |2016|0|0.0
56c774bbea7d240003000000|education as a Lifelong Process–The german national educational Panel study (nePs)|Marc Rittberger|122|0|0|4|0|0||||||||2|1|1|0|0||0|Facebook , twitter , Mendeley , google +, wiki |2011|0|4.0
56c776aaea7d240003000001|FlawFinder: A Modular System for Predicting Quality Flaws in Wikipedia.|Marc Rittberger|12|0|0|0|0|0||||||||1|1|0|0|0||0|""|2012|7|4.5
56c777e4ea7d240003000002|Bringing order to digital libraries: From keyphrase extraction to index term assignment|Marc Rittberger|9|1|0|0|0|0||||||||1|1|0|0|0||0|Facebook , twitter , Mendeley , google +, wiki |2013|11|7.0
56c77eceea7d240003000004|How to teach digital library data to swim into research|Marc Rittberger|6|0|0|0|0|0||||||||1|0|1|0|0||0|Facebook , twitter , Mendeley , google +, wiki |2011|17|9.5
56c78eaa999f670003000001|Information search behaviour in the German Education Index|Marc Rittberger|3|0|0|0|0|0||||||||1|1|0|0|0||0|Facebook , twitter , Mendeley , google +, wiki |2011|4|3.0
56cc7066bffb360003000000|Information behavior in the social web: an overview of the German educational domain|Marc Rittberger|2|0|0|0|0|0||||||||1|1|0|0|0||0|Facebook , twitter , Mendeley , google +, wiki |2013|0|1.0
56cc781ebffb360003000001|Data citation quantity and quality in research output of a large-scale educational panel study|Marc Rittberger|1|0|0|0|0|0||||||||0|0|0|0|0||0|Facebook , twitter , Mendeley , google +, wiki |2013||0.0
56d61f851358aa0003000000|The thematic orientation of publications mentioned on social media: Large-scale disciplinary comparison of social media metrics with citations|Zohreh Zahedi,Rodrigo Costas,Paul Wouters|4|0|0|2|0|0|0||0|0|||0|1|0|1|0|0|0|0|""|2015|0|2.0
56d6200b1358aa0003000001|Identifying topics of interest of Mendeley users using the text mining and overlay visualization functionality of VOSviewer|Zohreh Zahedi|0|0|0|0|0|0|0||0|0|||0|0|0|0|0|0|0|0|""|2015|0|0.0
56d6c7267a38be0003000002|Nature's top 100 Re-revisited|Enrique Orduna-Malea|0|1|3|0|0|0|0||0|0|||0|4|4|0|0|0|0|0|""|2015|0|4.5
56d9738aff0e800003000004|Are Latin-American repositories invisible on Google and Google Scholar?|Enrique Orduna-Malea|0|1|4|0|0|0|0||0|2||||5|5|0|0|0|0|0|""|2014|0|5.5
56c78147ea7d240003000005|Pädagogik und Erziehungswissenschaft|Marc Rittberger|4|2|2|7|0|0||||||||9|7|2|0|0||0|Facebook , twitter , Mendeley , google +, wiki |2012|0|13.5
56c78ba0999f670003000000|Open educational resources and social bookmarking: Connecting Users and Editors|Marc Rittberger|3|0|7|0|0|0||||||||8|8|0|0|0||0|Facebook , twitter , Mendeley , google +, wiki |2014|0|8.0
56c79056999f670003000002|The Impact of Topic Bias on Quality Flaw Prediction in Wikipedia.|Marc Rittberger|2|0|0|0|0|0||||||||1|1|0|0|0|0|0|Facebook , twitter , Mendeley , google +, wiki |2013|0|1.0
56b779223176890003000003|Research blogs and the discussion of scholarly information|Mike Thelwall|92|36|52|0|0|2|0||0|0|||0|93|88|0|5|0|0|0|""|2012|0|112.0
56bc7a3f699dd30003000003|Keeping up with… Altmetrics|Robin Chin Roemer,Rachel Borchardt|4|21|20|3|1|1|0||0|0|||0|39|35|3|1|0|0|0|Google Scholar, Mendeley, Facebook, Twitter, ACRL|2014|6|54.5
56c2f33160cc8f0003000002|. Altmetrics and the Role of Librarians|Robin Chin Roemer,Rachel Borchardt|0|0|0|0|0|0|||0|0|||0|0||||0||0|Google Scholar, Mendeley, ALA Journals|2015|16|8.0
56c5b64e5dba9d0003000015|Tweeting links to academic articles|Kim Holmberg|31|2|7|0|1|0||||||||0||||0||0|""|2013|28|15.0
56c77d52ea7d240003000003|20 RemoteNEPS: data dissemination in a collaborative workspace|Marc Rittberger|8|0|0|0|0|0||||||||0|0|0|0|0||0|Facebook , twitter , Mendeley , google +, wiki |2011|0|0.0
56d620801358aa0003000002|Do Mendeley readership counts help to filter highly cited WoS publications better than average citation impact of journals (JCS)?|Zohreh Zahedi,Rodrigo Costas,Paul Wouters|1|0|0|0|0|0|0||0|0|||0|0|0|0|0|0|0|0|""|2015|0|0.0
56d620ca1358aa0003000003|Broad altmetric analysis of Mendeley readerships through the academic status of the readers of scientific publication|Zohreh Zahedi,Rodrigo Costas,Paul Wouters|0|0|0|0|0|0|0||0|0|||0|0|0|0|0|0|0|0|0|2014|0|0.0
56d621101358aa0003000004|Gender differences in societal orientation and output of individual scienitsts|Zohreh Zahedi|0|0|0|0|0|0|0||0|0|||0|0|0|0|0|0|0|0|0|0|0|0.0
56d68d4d09c91b0003000000|Altmetrics in institutional repositories: new perspectives for assessing research impact|Salima Rehemtula|1|1|1|40|1|0|0||0|0|||0|4|2|2|0|0|0|0|mendeley, facebook, twitter|2014|25|37.0
56d691cb09c91b0003000001|Measuring the societal impact of open science–Presentation of a research project|Fereshteh Didegah|0|9|14|0|0|0|0||0|0|||0|15|15|0|0|0|0|0|""|2015|0|19.5
56d6924d09c91b0003000002|Do Authors With Stronger Bibliographic Coupling Ties Cite Each Other More Often?|Fereshteh Didegah|1|0|0|0|0|0|0||0|0|||0|0|0|0|0|0|0|0|0|2015|0|0.0
56d6945c1917690003000000|Sixty-four years of informetrics research: Productivity, impact and collaboration|Fereshteh Didegah,Mohammadamin Erfanmanesh|9|0|0|0|0|0|0||0|0|||0|1|0|1|0|0|0|0|""|2014|17|9.5
56d695690e67820003000000|Factors Associating with the Future Citation Impact of Published Articles: A Statistical Modelling Approach|Fereshteh Didegah|0|1|1|0||0|0||0|0|||0|2|2|0|0|0|0|0|""|2014|0|2.5
56d696970e67820003000001|Which factors help authors produce the highest impact research? Collaboration, journal and document properties|Fereshteh Didegah|40|0|0|0|0|0|0||0|0||||0|0|0|0|0|0|0|""|2013|49|24.5
56d6970d0e67820003000002|Determinants of research citation impact in nanoscience and nanotechnology|Fereshteh Didegah|32|1|1|0|0|1|0||0|0|||0|3|2|0|1|0|0|0|""|2013|21|14.5
56d697940e67820003000003|A comparison of web of science and scopus for iranian publications and citation impact|Fereshteh Didegah,Mohammadamin Erfanmanesh|9|0|0|0|0|0|0||0|0|||0|0|0|0|0|0|0|0|""|2013|0|0.0
56d698050e67820003000004|An international comparison of journal publishing and citing behaviours|Fereshteh Didegah|9|0|0|0|0|0|0||0|0|||0|0|0|0|0|0|0|0|""|2012|30|15.0
56d698e60e67820003000005|Mapping world scientific collaboration: Authors, institutions, and countries|Cassidy R. Sugimoto,Fereshteh Didegah|67|0|0|0|0|0|0||0|0|||0|2|2|0|0|0|0|0|""|2012|38|21.0
56d699f80e67820003000006|The effect of funding on academic research impact: a case study of Iranian publications|Fereshteh Didegah|7|0|0|0|0|0|0||0|0|||0|0|0|0|0|0|0|0|""|2011|0|0.0
56d69b250e67820003000008|A Review of the Scientific Collaboration Between Iran and Members of the Organization of the Islamic Conference 1900-2008|Fereshteh Didegah,Mohammadamin Erfanmanesh|1|0|0|0|0|0|0||0|0|||0|0|0|0|0|0|0|0|""|2011|0|0.0
56d69d3416b8650003000000|Investigating different types of research collaboration and citation impact: a case study of Harvard University's publications|Fereshteh Didegah|61|0|0|0|0|0|0||0|0|||0|0|0|0|0|0|0|0|0|2011|54|27.0
56d69dfd16b8650003000001|Research productivity and impact of Library and Information Science in the Web of Science|Fereshteh Didegah|11|0|0|0|0|0|0||0|0|||0|0|0|0|0|0|0|0|""|2010|3|1.5
56d69f3f16b8650003000002|Link analysis and impact of top universities of Islamic world on the world wide web|Fereshteh Didegah|5|0|0|0|0|0|0||0|0|||0|0|0|0|0|0|0|0|""|2010|0|0.0
56d69fa216b8650003000003|International scientific collaboration among Iranian researchers during 1998-2007|Fereshteh Didegah|20|0|0|0|0|0|0||0|0|||0|0|0|0|0|0|0|0|0|2010|12|6.0
56d6a05416b8650003000004|The study of Malaysian Public Universities' performance on the World Wide Web|Fereshteh Didegah|8|0|0|0|0|0|0||0|0|||0|0|0|0|0|0|0|0|""|2010|0|0.0
56d69bbe0e67820003000009|Visibility and impact of Iranian research institutions on the web|Fereshteh Didegah,Mohammadamin Erfanmanesh|5|0|0|0|0|0|0||0|0|||0|0|0|0|0|0|0|0|""|2011|5|2.5
56d6929609c91b0003000003|The meaning of impact in altmetrics|Fereshteh Didegah|0|0|0|0|0|0|0||0|0|||0|0|0|0|0|0|0|0|0|2015|0|0.0
56d69a960e67820003000007|The extent of concentration in journal publishing|Fereshteh Didegah|19|0|0|0|0|0|0||0|0|||0|0|0|0|0|0|0|0|0|2011|0|0.0
56d6b21ea929270003000000|Evidence Based Practice Using Formative Assessment in Library Research Support|Jackie Wolstenholme|0|7|10|0|0|0|0||0|0|||0|13|12|0|1|0||0|""|2015|12|22.5
56d6c1e47a38be0003000000|Environmental sciences research in northern Australia, 2000–2011: a bibliometric analysis within the context of a national research assessment exercise|Jackie Wolstenholme|5|0|0|0|0|0|0||0|0|||0|0|0|0|0|0|0|0|""|2014|13|6.5
56d6c4877a38be0003000001|The counting house, measuring those who count: Presence of Bibliometrics, Scientometrics, Informetrics, Webometrics and Altmetrics in Google Scholar Citations, ResearcherID, ResearchGate, Mendeley, & Twitter|Enrique Orduna-Malea|2|0|0|0|0|0|0||0|0|||0|0|0|0|0|0|0|0|0|2016|0|0.0
56d6da6a63d0a70003000000|Reviving the past: the growth of citations to old documents|Enrique Orduna-Malea|0|1|1|0|0|1|0|||0|||0|4|3|0|1|0|0|0|0|2015|0|5.0
56d7ef4c0c8d7d0003000000|"""Improvements in Google Scholar Citations are for the summer: creating an institutional affiliation link feature"""|Enrique Orduna-Malea|0|2|3|0|1|1|0||0|4|||0|23|20|2|1|0|0|0|0|2015|0|24.5
56d815c988186f0003000000|Hyperlinks embedded in twitter as a proxy for total external inlinks to international university websites|Enrique Orduna-Malea|2|0|0|0|0|0|0||0|0|||0|0|0|0|0|0|0|0|0|2015|12|6.0
56d8185388186f0003000001|The dark side of Open Access in Google and Google Scholar: the case of Latin-American repositories|Enrique Orduna-Malea|6|6|11|0|0|1|0|||||||19|14|0|5|0|0|0|""|2015|52|48.5
56d818be88186f0003000002|The silent fading of an academic search engine: the case of Microsoft Academic Search|Enrique Orduna-Malea|6|0|0|0|0|0|0|||||||1|1|0|0|0|0|0|""|2015|26|14.0
56d81fc988186f0003000004|Empirical Evidences in Citation-Based Search Engines: Is Microsoft Academic Search dead?|Enrique Orduna-Malea|3|1|1|0|0|0|0||0|0|||0|3|2|0|1|0|0|0|""|2014|0|3.5
56d8218788186f0003000006|Índice H de las revistas científicas españolas según Google Scholar Metrics |Enrique Orduna-Malea|4|33|80|0|0|0|0|||||||115|98|0|17|0|0|0|""|2014|27|145.0
56d7f19d0c8d7d0003000002|Disclosing the network structure of private companies on the web|Enrique Orduna-Malea|1|0|0|0|0|0|0||0|0|||0|2|1|1|0|0|0|0|""|2015|3|3.5
56d7f0ca0c8d7d0003000001|Methods for estimating the size of Google Scholar|Enrique Orduna-Malea|4|7|11|0|0|0|4||0|26||||55|52|1|2|0|0|0|""|2015|54|89.5
56d7f2270c8d7d0003000003|Revealing the online network between university and industry|Enrique Orduna-Malea|1|0|2|0|0|0|0||0|0|||0|4|3|1|0|0|0|0|""|2015|5|6.5
56d81e8388186f0003000003|Google Scholar Metrics 2014: a low cost bibliometric tool|Enrique Orduna-Malea|4|15|18|0|0|0|0||0|11|||0|35|32|0|3|0|0|0|""|2014|9|47.0
56d8209088186f0003000005|Are web mentions accurate substitutes for inlinks for Spanish universities?|Enrique Orduna-Malea|7|0|0|0|0|0|0|||||||2|1|1|0|0|0||""|2014|8|6.0
56d9677cff0e800003000000|Índice H de las revistas científicas españolas según Google Scholar Metrics (2009-2013)|Enrique Orduna-Malea|4|10|17|0|0|2|0||0|0|||0|28|18|0|10|0|0|0|""|2014|27|47.5
56d96eedff0e800003000001|Proceedings Scholar Metrics: H Index of proceedings on Computer Science, Electrical & Electronic Engineering, and Communications according to Google Scholar Metrics (2009-2013)|Enrique Orduna-Malea|4|5|2|0|0|1|0|||||||9|4|2|3|0|0|0|""|2014|9|16.5
56d9727bff0e800003000003|About the size of Google Scholar: playing the numbers|Enrique Orduna-Malea|19|7|15|5|1|1|0||0|0||||29|24|2|3|0|0|0|""|2014|36|53.5
56deb0b3a127320003000000|MoodBar: Increasing new user retention in Wikipedia through lightweight socialization|Dario Taraborelli|5|1|0|0|0|0|0||0|0|||0|3|2|0|1|0|0|0|""|2015|0|3.5
56deb38da127320003000002|Making peripheral participation legitimate: Reader engagement experiments in Wikipedia|""|24|1|0|0|0|0|0||0|0|||0|1|1|0|0|0|0|0|""|2013|30|16.5
56deb308a127320003000001|Descending Mount Everest: Steps towards applied Wikipedia research|Dario Taraborelli|1|4|6|0|0|0|0||0|0|||0|9|9|0|0|0|0|0|""|2013|0|11.0
56deccfc0790e70003000000|Garbage In, Gospel Out: Twelve Reasons Why Librarians Should Not Accept Cost-per-Download Figures at Face Value|Terry Bucknell|15|1|0|2|0|0|0||0|0|||0|2|1|1|0|0|0|0|""|2012|31|19.0
56decebb0790e70003000002|The ‘big deal’approach to acquiring e‐books: a usage‐based study|Terry Bucknell|34|0|0|0|0|0|0||0|0|||0|1|1|0|0|0|0|0|""|2010|37|19.5
56decdc50790e70003000001|Buying by the bucketful: a comparative study of e-book acquisition strategies|Terry Bucknell|1|0|0|0|0|0|0|||||||0|0|0|0|0|0|0|""|2012|5|2.5
56deb72ea127320003000003|Usage statistics for decision making|Terry Bucknell|24|0|1|0|0|0|0||0|0|||0|9|9|0|0|0|0|0|""|201|8|13.0
56dfc5597fe94d0003000000|Health research networks on the web: an analysis of the Brazilian presence|Fabio Castro Gouveia|1|2|1|0|0|0|0||0|0|||0|3|3|0|0|0|0|0|""|2014|9|8.5
56dfd12b4148990003000000|O produtor e o conteúdo da inform0ação na internet: um estudo sobre o tema educação ambiental em páginas e sites brasileiros|Fabio Castro Gouveia|1|0|0|0|0|0|0||0|0||||1|1|0||0|0|0|""|2012|0|1.0
56dfc7597fe94d0003000001|Cooperation in health: Mapping collaborative networks on the web|Fabio Castro Gouveia|5|0|4|2|0|0|0||10|1868||||6|5|1|0|0|0|0|""|2013|10|12.0
56dfd16f4148990003000001|Novos caminhos e alternativas para a Webometria|Fabio Castro Gouveia|3|0|0|0|0|0|0||0|0|||0|0|0|0|0|0|0|0|""|2012|0|0.0
56dfd6804148990003000002|Identifying institutional relationships in a geographically distributed public health system using interlinking and co-authorship methods|José-Antonio Ontalba-Ruipérez|0|0|0|0|0|0|0||0|0|||0|1|0|1|0|0|0|0|""|2016|0|1.0
56dfda6e4148990003000003|Webometric methods to identify web trends in industrial sectors|José-Antonio Ontalba-Ruipérez|0|0|0|0|0|0|0||0|0|||0|3|3|0|0|0|0|0|""|2015|0|3.0
56dfdbe04148990003000004|Métricas web para sectores económicos: el caso de la moda y el vino|José-Antonio Ontalba-Ruipérez|0|0|0|0|0|0|0||0|0|||0|1|1|0|0|0|0|0|0|2015|0|1.0
56dfdd3c4148990003000006|Selective linking from social platforms to university websites: a case study of the Spanish academic system|José-Antonio Ontalba-Ruipérez|9|0|0|0|0|0|0||0|0|||0|3|1|2|0|0|0|0|""|2013|32|19.0
56dfdd9f4148990003000007|Análisis bibliométrico de la producción y colaboración científica en Oriente Próximo (1998-2007)|José-Antonio Ontalba-Ruipérez|1|0|1|0|0|0|0||0|0|||0|2|2|0|0|0|0|0|""|2010|4|4.0
56dfe578e8b2320003000000|Presencia y visibilidad web de las universidades públicas españolas|José-Antonio Ontalba-Ruipérez|12|0|0|0|0|0|0||0|0|||0|1|1|0|0|0|0|0|""|2010|0|1.0
56dfdc504148990003000005|Proposal for a multilevel university cybermetric analysis model|José-Antonio Ontalba-Ruipérez|4|0|0|0|0|0|0||0|||||4|3|1|0|0|0|0|""|2013|12|10.0
56dfe5f8e8b2320003000001|Bibliometric analysis of sceintific production and collaboration in the middle east from 1998 to 2007|José-Antonio Ontalba-Ruipérez|1|||||||||||||0||||0|||""|2010||0.0
56dfe725e8b2320003000002|Interrogating impact: Altmetrics as indicators of influence in & beyond the academy|Rosie Croft|0|0|0|0|0|0|0||0|||||1|1|0|0|0|0|0|""|2014|0|1.0
56dfe7c1e8b2320003000003|Discovery layers and the distance student: online search habits of students|Rosie Croft|15|0|1|0|0|0|0||0|||||2|2|0|0|0|0|0|""|2012|0|2.0
56dfe829e8b2320003000004|E-books revisited: Surveying student e-book usage in a distributed learning academic library 6 years later|Rosie Croft|60|0|0|0||0|0||0|0||||0|0|0|0|0|0|0|""|2010|69|34.5
56e0094f8d19170003000003|Visualization of co-readership patterns from an online reference management system|Peter Kraker|8|3|5|0|0|0|0||0|0|||0|7|7|0|0|0|0|0|""|2015|111|64.0
56e0098a8d19170003000004|A Critical Look at the ResearchGate Score as a Measure of Scientific Reputation|Peter Kraker|2|11|13|0|0|0|0||0|0|||0|15|15|0|0|0|0|0|""|2015|15|28.0
56e00c2d8d19170003000006|Are downloads and readership data a substitute for citations? The case of a scholarly journal|Peter Kraker|1|0|0|0|0|0|0||0|0||||0|0|0|0|0|0|0|""|2014|0|0.0
56e013818d19170003000008|Assessing Barcamps: Incentives for Participation in Ad-hoc Conferences and the Role of Social Media|Peter Kraker|1|1|1|0|0|1|0||0|0|||0|4|2|0|2|0|0|0|""|2013|0|5.0
56e0090f8d19170003000002|Research Data Explored II: the Anatomy and Reception of figshare|Peter Kraker|2|3|1|0||0|0|||||||4|3|0|1|0|0|0|""|2015|7|9.0
56e006558d19170003000001|Open Science in Österreich: Ansätze und Status|Peter Kraker|0|4|2|0|0|0|0|||||||5|5|0|0|0|0|0|""|2015|1|7.5
56e005a98d19170003000000|Paving the way for Science 2.0: top-down and bottom-up approaches|Peter Kraker|0|0|3|0|0|0|0||0|0|||0|4|4|0|0|0|0|0|""|2015|29|18.5
56e00b228d19170003000005|Educational Technology as Seen Through the Eyes of the Readers|Peter Kraker|1|2|0|0|0|0|0|||||||3|3|0|0|0|0|0|""|2015|21|14.5
56e012ee8d19170003000007|Altmetrics-based Visualizations Depicting the Evolution of a Knowledge Domain|Peter Kraker|1|1|1|0|0|0|0|||||||2|2|0|0|0|0|0|""|2014|17|11.0
56e1088e468c410003000000|Head Start: Improving Academic Literature Search with Overview Visualizations based on Readership Statistics|Peter Kraker|4|0|0|0|0|0|0||0|0|||0|1|1|0|0|0|0|0|""|2013|43|22.5
56e10906468c410003000001|Visualizing Research Fields based on Scholarly Communication on the Web|Peter Kraker|0|7|4|0|0|0|0||0|0|||0|5|5|0|0|0|0|0|0|2013|0|8.5
56e1099c468c410003000002|Towards a Model of Interdisciplinary Teamwork for Web Science: What can Social Theory Contribute?|Peter Kraker|2|0|0|0|0|0|0|||||||0|0|0|0|0|0|0|""|2013|12|6.0
56e10b39468c410003000003|Download vs. citation vs. readership data: the case of an information systems journal|Peter Kraker|16|1|0|0|0|0|0||0|||||1|1|0|0|0|0|0|""|2013|51|27.0
56e10cbf468c410003000006|Harnessing User Library Statistics for Research Evaluation and Knowledge Domain Visualization|Peter Kraker|12|1|0|2|0|0|0||0|||||3|2|1|0|0|0|0|""|2012|73|41.0
56e1173e13523b0003000000|Four Pedagogical Approaches in Helping Students Learn Information Literacy Skills{|Patricia H. Dawson|5|2|2|0|0|0|0||0|0|||0|4|3|1|0|0|0|0|0|2014|91|50.5
56e1187313523b0003000001|What Five Minutes in the Classroom Can Do to Uncover the Basic Information Literacy Skills of Your College Students: A Multiyear Assessment Study|Patricia H. Dawson|5|0|0|0|0|5|0|||||||2|0|0|2|0|0|0|""|2013|20|14.5
56e118ab13523b0003000002|Quantitative/Qualitative Analysis of Assessing Student Information Literacy Skills: The Power of Librarian-Faculty Collaborations|Patricia H. Dawson|2|0|0|0|0|0|0||0|0|||0|0|0|0|0|0|0|0|0|2012|0|0.0
56e1199013523b0003000003|Development and assessment of online SciFinder tutorials toward the promotion of scientific literacy in undergraduates|Patricia H. Dawson|3|0|0|0|0|0|0||0|0|||0|0|0|0|0|0|0|0|""|2011|0|0.0
56e11a3a13523b0003000004|Captivating the Students: Online Library Instruction for a Psychology Class and Lessons Learned|Patricia H. Dawson|1|0|0|0|0|0|0||0|0|||0|0|0|0|0|0|0|0|""|2011|0|0.0
56e11c7c13523b0003000005|Are Science, Engineering, and Medical Libraries Moving Away from the Reference Desk? Results of a Survey of New Jersey Libraries|Patricia H. Dawson|3|0|0|0|0|0||||||||0|0|0|0|0|||""|2011||0.0
56e11ce213523b0003000006|A University’s Information Literacy Assessment Program Using Google Docs|Patricia H. Dawson|5|0|0|0|0|0|0||0|0|||0|0|0|0|0|0|0|0|""|2010|0|0.0
56e10dab468c410003000008|The case for an open science in technology enhanced learning|Peter Kraker|9|2|5|0|0|0|0|||||||9|9|0|0|0|0|0|""|2011|18|19.0
56e10b71468c410003000004|Special Issue on State-of-the-Art in Technology Enhanced Learning|Peter Kraker|0|1|1|0|0|0|0|||||||2|2|0|0|0|0|0|""|2012|0|2.5
56e10bd4468c410003000005|Making Sense of Microposts at Scientific Conferences|Peter Kraker|0|0|0|0|0|0|0|||||||0|0|0|0|0|0|0|""|2012|27|13.5
56e10d22468c410003000007|Research Practices on the Web in the Field of Technology Enhanced Learning|Peter Kraker|10|1|2|3||0|0|||||||6|3|1|2|0|0|0|""|2011|28|22.0
56e11d2413523b0003000007|An Online Tutorial for SciFinder for Organic Chemistry Classes|Patricia H. Dawson|9|0|0|0|0|0|0|||||||0|0|0|0|0|0|0|""|2010|19|9.5
56e11fc513523b0003000008|The effect of argon shielding gas at plasma spray process on the structure and properties of MoSi 2 coating|Mohammadamin Erfanmanesh|5|0|0|0|0|0|0|||||||0|0|0|0|0|0|0|""|2014|0|0.0
56e1202113523b0003000009|Improvement of MoSi 2 oxidation resistance via boron addition: fabrication of MoB/MoSi 2 composite by mechanical alloying and subsequent reactive sintering|Mohammadamin Erfanmanesh|4|||||||||||||0||||0|||""|2014||0.0
56e123e013523b000300000a|The prevalence and correlates of information seeking anxiety in postgraduate students|Mohammadamin Erfanmanesh|1|0|0|0|0|0|0|||||||1|0|1|0|0|0|0|""|2014|6|4.0
56e1244713523b000300000b|Information Seeking Anxiety: Concept, Measurement and Preliminary Research|Mohammadamin Erfanmanesh|1|0|0|0|0|0|0||0|0|||0|1|0|1|0|0|0|0|""|2014|0|1.0
56e1269013523b000300000c|Scientific Productivity, Impact and Collaboration of the Top Asian Countries in Scopus During 1996-2010|Mohammadamin Erfanmanesh|2|0|0|0|0|0|0||0|0|||0|0|0|0|0|0|0|0|""|2013|0|0.0
56e12ab313523b000300000f|Development and validation of the Information Seeking Anxiety scale|Mohammadamin Erfanmanesh|7|||||||||||||0||||0|||""|2012||0.0
56e1296213523b000300000d|Co-authorship network of scientometrics research collaboration|Mohammadamin Erfanmanesh|13|0|0|0|0|0|0|||||||0|0|0|0|0|0|0|""|2012|23|11.5
56e12a3113523b000300000e|Marketing the Libraries in Iran: An Ideal Opportunity in 21st Century|Mohammadamin Erfanmanesh|1|0|0|0|0|0|0|||||||0|0|0|0|0|0|0|""|2012|5|2.5
56e12b1913523b0003000010|Investigating information seeking anxiety among postgraduate students: Development and validation of a multidimensional scale|Mohammadamin Erfanmanesh|2|||||||||||||0||||0|||""|2012||0.0
56d971a6ff0e800003000002|Ruta dorada del open access en Web of science|Enrique Orduna-Malea|1|1|0|0|0|0|0||0|0|||0|4|2|1|1|0|0|0|0|2014|0|4.5
56e10e5a468c410003000009|Components of a research 2.0 infrastructure|Peter Kraker|13|0|0|0|0|0|0|||||||0|0|0|0|0|0|0|""|2010|13|6.5
56c757d23c30cd0003000002|Astrophysicists’ Conversational Connections on Twitter|Kim Holmberg|5|10|6|13|0|1||||||||22|19|2|1|0||0|Facebook , twitter , Mendeley , google +, wiki , |2014|26|47.0
56f110537ab7941400000000|Altmetrics (Chapter from Beyond Bibliometrics: Harnessing Multidimensional Indicators of Scholarly Impact)|Jason Priem|0|1|2|0|0|0|0||0|0|||0|4|3|0|1|0|0|0|0|2015|0|4.5
56f113697ab7941400000001|Riding the crest of the altmetrics wave How librarians can help prepare faculty for the next generation of research impact metrics|Jason Priem,Heather Piwowar|31|0|0|0|0|||||||||2|1|0|1|0|0|0|""|2013|105|54.5
56f115ef7ab7941400000002|The power of altmetrics on a CV|Jason Priem,Heather Piwowar|49||10|0|0|0||||||||21|21|0|0|0|0|0|""|2013|129|85.5
